{
  "sections": {
    "spacer-1": {
      "type": "spacer",
      "settings": {
        "desktop_space": "100",
        "mobile_space": "40"
      }
    },
    "default_page": {
      "type": "main-page",
      "settings": {
        "page_width": "medium"
      }
    },
    "spacer-2": {
      "type": "spacer",
      "settings": {
        "desktop_space": "80",
        "mobile_space": "40"
      }
    },
    "7e8c4547-1074-41f9-aa36-a076d591807b": {
      "type": "breadcrumb",
      "settings": {
        "section_padding": 24,
        "full_width": false
      }
    },
    "f4ceac0d-1683-4d6d-954d-3c131e8ad664": {
      "type": "rich-section",
      "blocks": {
        "ce7e8bb9-79d5-4e38-bd53-39e046241e2b": {
          "type": "rich_header",
          "settings": {
            "rich_title": "Welcome to Aspena's FAQ Page!",
            "rich_title_tag": "large"
          }
        },
        "4579b522-c726-4975-88e8-3b3fe80c3962": {
          "type": "rich_text",
          "settings": {
            "description": "<p>Here, you'll find answers to some of the most common questions about our premium winter wear products, purchasing process, and more. If you don't find what you're looking for, our Aspena customer service team is always ready to assist you.<\/p>"
          }
        }
      },
      "block_order": [
        "ce7e8bb9-79d5-4e38-bd53-39e046241e2b",
        "4579b522-c726-4975-88e8-3b3fe80c3962"
      ],
      "settings": {
        "background_color": "#FFF",
        "content_color": "#000000",
        "element_gaps": 20,
        "section_padding_top": 10,
        "section_padding_bottom": 10,
        "align_content": "text-left",
        "full_width": false
      }
    },
    "59363be1-615e-4439-a852-cc535bd86e33": {
      "type": "collapsible-rows",
      "blocks": {
        "template--14854009127011__59363be1-615e-4439-a852-cc535bd86e33-accordion-1": {
          "type": "accordion",
          "settings": {
            "accorion_title": "What types of winter wear does Aspena offer?",
            "accorion_contnet": "<p>Aspena offers a luxurious range of winter wear including high-performance insulated jackets, thermal pants, elegant snow boots, and accessories such as gloves, hats, and scarves. Our products cater to a variety of cold-weather activities, ensuring both style and functionality.<\/p>"
          }
        },
        "template--14854009127011__59363be1-615e-4439-a852-cc535bd86e33-accordion-2": {
          "type": "accordion",
          "settings": {
            "accorion_title": "Are Aspena's products sustainably made?",
            "accorion_contnet": "<p>Absolutely! Sustainability is a key part of Aspena's ethos. We utilize environmentally friendly materials like recycled fibers and responsibly sourced down. Our manufacturing processes are also designed to minimize environmental impact.<\/p>"
          }
        },
        "7268499d-b40d-4b25-b517-e48c583391c6": {
          "type": "accordion",
          "settings": {
            "accorion_title": "How do I choose the right size at Aspena?",
            "accorion_contnet": "<p>You can refer to our detailed size guide on the Aspena website, which includes specific measurements and fitting advice for all our products. For additional help, our customer service team is on hand to offer tailored sizing recommendations.<\/p>"
          }
        },
        "1e972158-11cc-486f-a113-92b74f71a64f": {
          "type": "accordion",
          "settings": {
            "accorion_title": "Does Aspena offer international shipping?",
            "accorion_contnet": "<ul><li>Yes, Aspena is proud to offer global shipping. Shipping costs and delivery times vary based on your location. Detailed information is available on our International Shipping Policy page.<\/li><\/ul>"
          }
        },
        "9fcc417c-edf0-4d7f-87de-e7eeca7af3bd": {
          "type": "accordion",
          "settings": {
            "accorion_title": "What is Aspena's return or exchange policy?",
            "accorion_contnet": "<p>We want you to love your Aspena purchase. If you're not completely satisfied, you can return or exchange any item within 30 days of receipt, provided it's in its original condition. For complete details, please visit our Return & Exchange Policy section.<\/p>"
          }
        },
        "d316dde0-4a82-4fa4-80c4-bebeea3f3372": {
          "type": "accordion",
          "settings": {
            "accorion_title": "How should I care for my Aspena winter wear?",
            "accorion_contnet": "<p>Care instructions are provided with each Aspena product. Generally, we recommend gentle washing and air drying to preserve the quality of your winter wear. For more detailed care instructions, please visit our Garment Care page.<\/p>"
          }
        },
        "aa1b5f04-8928-4856-98a4-e81f7d18a778": {
          "type": "accordion",
          "settings": {
            "accorion_title": "Are Aspena jackets waterproof?",
            "accorion_contnet": "<p>Many of our jackets are crafted to offer excellent water resistance or full waterproof capabilities, ideal for snowy and wet conditions. Specific features of each jacket can be found in the product descriptions on our website.<\/p>"
          }
        },
        "945912bc-d414-4958-9c1c-ed2892bf15a5": {
          "type": "accordion",
          "settings": {
            "accorion_title": "Does Aspena offer a discount for first-time buyers?",
            "accorion_contnet": "<p>Yes, we welcome new customers with a special discount. Sign up for the Aspena newsletter to receive your exclusive code and get updates on our newest collections and offers.<\/p>"
          }
        },
        "2f25d956-4d9d-4f53-a174-f0518100e58f": {
          "type": "accordion",
          "settings": {
            "accorion_title": "What payment methods does Aspena accept?",
            "accorion_contnet": "<ul><li>Aspena accepts a variety of payment methods including major credit\/debit cards, PayPal, and more. You can view all available options in our Payment Methods section.<\/li><\/ul>"
          }
        },
        "d576a744-34e7-4381-8264-ec7f04e71b98": {
          "type": "accordion",
          "settings": {
            "accorion_title": "How can I track my Aspena order?",
            "accorion_contnet": "<p>After your order is dispatched, we will send you a tracking number via email. This number can be used to check the status of your delivery on our website or the courier's tracking system.<\/p>"
          }
        }
      },
      "block_order": [
        "template--14854009127011__59363be1-615e-4439-a852-cc535bd86e33-accordion-1",
        "template--14854009127011__59363be1-615e-4439-a852-cc535bd86e33-accordion-2",
        "7268499d-b40d-4b25-b517-e48c583391c6",
        "1e972158-11cc-486f-a113-92b74f71a64f",
        "9fcc417c-edf0-4d7f-87de-e7eeca7af3bd",
        "d316dde0-4a82-4fa4-80c4-bebeea3f3372",
        "aa1b5f04-8928-4856-98a4-e81f7d18a778",
        "945912bc-d414-4958-9c1c-ed2892bf15a5",
        "2f25d956-4d9d-4f53-a174-f0518100e58f",
        "d576a744-34e7-4381-8264-ec7f04e71b98"
      ],
      "settings": {
        "heading": "",
        "heading_color": "#000000",
        "heading_font_size": "medium",
        "section_padding_top": 0,
        "section_padding_bottom": 0,
        "full_width": false
      }
    },
    "f537b706-1546-426b-8baf-67cb1d8c2489": {
      "type": "rich-section",
      "blocks": {
        "68eafaa6-285a-49fa-800c-6fa4fb41dd36": {
          "type": "rich_header",
          "settings": {
            "rich_title": "Need Further Assistance?",
            "rich_title_tag": "small"
          }
        },
        "6e94f1b0-e766-4cf2-92f0-3633030d2a11": {
          "type": "rich_text",
          "settings": {
            "description": "<p>If you have any more questions or need additional assistance, our Aspena customer service team is always here to help you.<\/p><p><\/p><p><strong>Thank you for choosing Aspena for your luxury winter wear needs!<\/strong><\/p>"
          }
        }
      },
      "block_order": [
        "68eafaa6-285a-49fa-800c-6fa4fb41dd36",
        "6e94f1b0-e766-4cf2-92f0-3633030d2a11"
      ],
      "settings": {
        "background_color": "#FFF",
        "content_color": "#000000",
        "element_gaps": 20,
        "section_padding_top": 20,
        "section_padding_bottom": 30,
        "align_content": "text-left",
        "full_width": false
      }
    }
  },
  "order": [
    "spacer-1",
    "default_page",
    "spacer-2",
    "7e8c4547-1074-41f9-aa36-a076d591807b",
    "f4ceac0d-1683-4d6d-954d-3c131e8ad664",
    "59363be1-615e-4439-a852-cc535bd86e33",
    "f537b706-1546-426b-8baf-67cb1d8c2489"
  ]
}
