{
  "current": {
    "logo_width": 90,
    "type_header_font": "montserrat_n4",
    "heading_scale": 100,
    "type_body_font": "montserrat_n5",
    "body_scale": 100,
    "free_shiping": true,
    "swatches": "Sand:#FFA500, Crimson:#F5741D, Gray:#383e42,Solar:#FFA500,Sky:#87CEEB,Ice:A5F2F3,Dawn:#808080,Powder:#FFC0CB,Electric:#7DF9FF,Sahara:#383e42,Yellow:#FFFF00,Arctic:#FFFFFF,Orange:#FFA500,Purple:#B200ED,Green:#008000,Gradient:#089f8f",
    "second_badge_tag": "Bestseller",
    "third_badge_tag": "New commer",
    "page_width": 1200,
    "spacing_sections": 0,
    "spacing_grid_horizontal": 8,
    "spacing_grid_vertical": 8,
    "buttons_border_thickness": 1,
    "buttons_border_opacity": 100,
    "buttons_radius": 0,
    "buttons_shadow_opacity": 0,
    "buttons_shadow_horizontal_offset": 0,
    "buttons_shadow_vertical_offset": 4,
    "buttons_shadow_blur": 5,
    "variant_pills_border_thickness": 1,
    "variant_pills_border_opacity": 55,
    "variant_pills_radius": 40,
    "variant_pills_shadow_opacity": 0,
    "variant_pills_shadow_horizontal_offset": 0,
    "variant_pills_shadow_vertical_offset": 4,
    "variant_pills_shadow_blur": 5,
    "inputs_border_thickness": 1,
    "inputs_border_opacity": 55,
    "inputs_radius": 0,
    "inputs_shadow_opacity": 0,
    "inputs_shadow_horizontal_offset": 0,
    "inputs_shadow_vertical_offset": 4,
    "inputs_shadow_blur": 5,
    "card_style": "standard",
    "card_image_padding": 0,
    "card_text_alignment": "left",
    "card_color_scheme": "background-2",
    "card_border_thickness": 0,
    "card_border_opacity": 10,
    "card_corner_radius": 0,
    "card_shadow_opacity": 0,
    "card_shadow_horizontal_offset": 0,
    "card_shadow_vertical_offset": 4,
    "card_shadow_blur": 5,
    "collection_card_style": "standard",
    "collection_card_image_padding": 0,
    "collection_card_text_alignment": "left",
    "collection_card_color_scheme": "background-2",
    "collection_card_border_thickness": 0,
    "collection_card_border_opacity": 10,
    "collection_card_corner_radius": 0,
    "collection_card_shadow_opacity": 0,
    "collection_card_shadow_horizontal_offset": 0,
    "collection_card_shadow_vertical_offset": 4,
    "collection_card_shadow_blur": 5,
    "blog_card_style": "standard",
    "blog_card_image_padding": 0,
    "blog_card_text_alignment": "left",
    "blog_card_color_scheme": "background-2",
    "blog_card_border_thickness": 0,
    "blog_card_border_opacity": 10,
    "blog_card_corner_radius": 0,
    "blog_card_shadow_opacity": 0,
    "blog_card_shadow_horizontal_offset": 0,
    "blog_card_shadow_vertical_offset": 4,
    "blog_card_shadow_blur": 5,
    "text_boxes_border_thickness": 0,
    "text_boxes_border_opacity": 10,
    "text_boxes_radius": 0,
    "text_boxes_shadow_opacity": 0,
    "text_boxes_shadow_horizontal_offset": 0,
    "text_boxes_shadow_vertical_offset": 4,
    "text_boxes_shadow_blur": 5,
    "media_border_thickness": 1,
    "media_border_opacity": 5,
    "media_radius": 0,
    "media_shadow_opacity": 0,
    "media_shadow_horizontal_offset": 0,
    "media_shadow_vertical_offset": 4,
    "media_shadow_blur": 5,
    "popup_border_thickness": 1,
    "popup_border_opacity": 10,
    "popup_corner_radius": 0,
    "popup_shadow_opacity": 5,
    "popup_shadow_horizontal_offset": 0,
    "popup_shadow_vertical_offset": 4,
    "popup_shadow_blur": 5,
    "drawer_border_thickness": 1,
    "drawer_border_opacity": 10,
    "drawer_shadow_opacity": 0,
    "drawer_shadow_horizontal_offset": 0,
    "drawer_shadow_vertical_offset": 4,
    "drawer_shadow_blur": 5,
    "badge_position": "bottom left",
    "predictive_search_enabled": true,
    "predictive_search_show_vendor": false,
    "predictive_search_show_price": false,
    "currency_code_enabled": true,
    "cart_type": "notification",
    "show_vendor": false,
    "show_cart_note": false,
    "cart_drawer_collection": "",
    "content_for_index": [

    ]
  },
  "presets": {
    "Luna": {
      "type_header_font": "montserrat_n4",
      "heading_scale": 100,
      "sub_type_header_font": "montserrat_n4",
      "sub_heading_scale": 100,
      "type_body_font": "montserrat_n4",
      "body_scale": 100,
      "general_color": "#000000",
      "button_scale": 100,
      "button_first_color": "#000000",
      "button_first_color_bg": "#FFFFFF",
      "button_second_color": "#FFFFFF",
      "button_second_color_bg": "#000000",
      "button_third_color": "#000000",
      "button_third_color_bg": "#FFFFFF",
      "menu_scale": 100,
      "box_size_w": 52,
      "box_size_h": 52,
      "box_radius": 0,
      "sale_badge_color": "#FF6B6B"
    }
  }
}
